<metadata xml:lang="zh"><Esri><CreaDate>20250604</CreaDate><CreaTime>14501000</CreaTime><ArcGISFormat>1.0</ArcGISFormat><SyncOnce>FALSE</SyncOnce><DataProperties><itemProps><itemName Sync="TRUE">renai_collapse</itemName><imsContentType Sync="TRUE">002</imsContentType><itemLocation><linkage Sync="TRUE">file://\\LAPTOP-LPFIS8Q1\C$\Users\User\Desktop\數位地球\collapse110\renai_collapse.shp</linkage><protocol Sync="TRUE">Local Area Network</protocol></itemLocation><itemSize Sync="TRUE">0.000</itemSize></itemProps><coordRef><type Sync="TRUE">Projected</type><geogcsn Sync="TRUE">GCS_GRS80</geogcsn><csUnits Sync="TRUE">Linear Unit: Meter (1.000000)</csUnits><projcsn Sync="TRUE">TM2_TWD97</projcsn><peXml Sync="TRUE">&lt;ProjectedCoordinateSystem xsi:type='typens:ProjectedCoordinateSystem' xmlns:xsi='http://www.w3.org/2001/XMLSchema-instance' xmlns:xs='http://www.w3.org/2001/XMLSchema' xmlns:typens='http://www.esri.com/schemas/ArcGIS/3.3.0'&gt;&lt;WKT&gt;PROJCS[&amp;quot;TM2_TWD97&amp;quot;,GEOGCS[&amp;quot;GCS_GRS80&amp;quot;,DATUM[&amp;quot;D_GRS_1980&amp;quot;,SPHEROID[&amp;quot;GRS_1980&amp;quot;,6378137.0,298.257222101]],PRIMEM[&amp;quot;Greenwich&amp;quot;,0.0],UNIT[&amp;quot;Degree&amp;quot;,0.0174532925199433]],PROJECTION[&amp;quot;Transverse_Mercator&amp;quot;],PARAMETER[&amp;quot;False_Easting&amp;quot;,250000.0],PARAMETER[&amp;quot;False_Northing&amp;quot;,0.0],PARAMETER[&amp;quot;Central_Meridian&amp;quot;,121.0],PARAMETER[&amp;quot;Scale_Factor&amp;quot;,0.9999],PARAMETER[&amp;quot;Latitude_Of_Origin&amp;quot;,0.0],UNIT[&amp;quot;Meter&amp;quot;,1.0]]&lt;/WKT&gt;&lt;XOrigin&gt;-5372600&lt;/XOrigin&gt;&lt;YOrigin&gt;-10001100&lt;/YOrigin&gt;&lt;XYScale&gt;450310428.58990461&lt;/XYScale&gt;&lt;ZOrigin&gt;-100000&lt;/ZOrigin&gt;&lt;ZScale&gt;10000&lt;/ZScale&gt;&lt;MOrigin&gt;-100000&lt;/MOrigin&gt;&lt;MScale&gt;10000&lt;/MScale&gt;&lt;XYTolerance&gt;0.001&lt;/XYTolerance&gt;&lt;ZTolerance&gt;0.001&lt;/ZTolerance&gt;&lt;MTolerance&gt;0.001&lt;/MTolerance&gt;&lt;HighPrecision&gt;true&lt;/HighPrecision&gt;&lt;/ProjectedCoordinateSystem&gt;</peXml></coordRef><lineage><Process ToolSource="c:\program files\arcgis\pro\Resources\ArcToolbox\toolboxes\Analysis Tools.tbx\Intersect" Date="20250604" Time="145038">Intersect "2021_SWCB_LS_Smooth6m_UTF8 #;TaiwanCounty #" C:\Users\User\Documents\ArcGIS\Projects\MyProject\MyProject.gdb\c2021_SWCB_LS_Smoo_Intersect "All attributes" # "Same as input"</Process><Process ToolSource="c:\program files\arcgis\pro\Resources\ArcToolbox\toolboxes\Conversion Tools.tbx\ExportFeatures" Date="20250604" Time="145155">ExportFeatures c2021_SWCB_LS_Smoo_Intersect C:\Users\User\Desktop\數位地球\110崩塌\collapse_110.shp # NOT_USE_ALIAS "FID_2021_SWCB_LS_Smooth6m_UTF8 "FID_2021_SWCB_LS_Smooth6m_UTF8" true true false 4 Long 0 0,First,#,c2021_SWCB_LS_Smoo_Intersect,FID_2021_SWCB_LS_Smooth6m_UTF8,-1,-1;Date "Date" true true false 254 Text 0 0,First,#,c2021_SWCB_LS_Smoo_Intersect,Date,0,253;X "X" true true false 8 Double 0 0,First,#,c2021_SWCB_LS_Smoo_Intersect,X,-1,-1;Y "Y" true true false 8 Double 0 0,First,#,c2021_SWCB_LS_Smoo_Intersect,Y,-1,-1;Area "Area" true true false 8 Double 0 0,First,#,c2021_SWCB_LS_Smoo_Intersect,Area,-1,-1;Slope_Area "Slope_Area" true true false 8 Double 0 0,First,#,c2021_SWCB_LS_Smoo_Intersect,Slope_Area,-1,-1;Slope "Slope" true true false 8 Double 0 0,First,#,c2021_SWCB_LS_Smoo_Intersect,Slope,-1,-1;Min_DTM "Min_DTM" true true false 8 Double 0 0,First,#,c2021_SWCB_LS_Smoo_Intersect,Min_DTM,-1,-1;FID_TaiwanCounty "FID_TaiwanCounty" true true false 4 Long 0 0,First,#,c2021_SWCB_LS_Smoo_Intersect,FID_TaiwanCounty,-1,-1;COUNTYID "COUNTYID" true true false 3 Text 0 0,First,#,c2021_SWCB_LS_Smoo_Intersect,COUNTYID,0,2;COUNTYCODE "COUNTYCODE" true true false 8 Text 0 0,First,#,c2021_SWCB_LS_Smoo_Intersect,COUNTYCODE,0,7;COUNTYNAME "COUNTYNAME" true true false 12 Text 0 0,First,#,c2021_SWCB_LS_Smoo_Intersect,COUNTYNAME,0,11;COUNTYENG "COUNTYENG" true true false 39 Text 0 0,First,#,c2021_SWCB_LS_Smoo_Intersect,COUNTYENG,0,38;Shape_Length "Shape_Length" false true true 8 Double 0 0,First,#,c2021_SWCB_LS_Smoo_Intersect,Shape_Length,-1,-1;Shape_Area "Shape_Area" false true true 8 Double 0 0,First,#,c2021_SWCB_LS_Smoo_Intersect,Shape_Area,-1,-1" #</Process><Process ToolSource="c:\program files\arcgis\pro\Resources\ArcToolbox\toolboxes\Analysis Tools.tbx\Clip" Date="20250605" Time="230123">Clip collapse_110 VILLAGE_NLSC_1140318 C:\Users\User\Documents\ArcGIS\Projects\MyProject\MyProject.gdb\collapse_110_Clip #</Process><Process ToolSource="c:\program files\arcgis\pro\Resources\ArcToolbox\toolboxes\Conversion Tools.tbx\ExportFeatures" Date="20250605" Time="230238">ExportFeatures collapse_110_Clip C:\Users\User\Desktop\數位地球\collapse110\renai_collapse.shp # NOT_USE_ALIAS "FID_2021_S "FID_2021_S" true true false 4 Long 0 0,First,#,collapse_110_Clip,FID_2021_S,-1,-1;Date "Date" true true false 254 Text 0 0,First,#,collapse_110_Clip,Date,0,253;X "X" true true false 8 Double 0 0,First,#,collapse_110_Clip,X,-1,-1;Y "Y" true true false 8 Double 0 0,First,#,collapse_110_Clip,Y,-1,-1;Area "Area" true true false 8 Double 0 0,First,#,collapse_110_Clip,Area,-1,-1;Slope_Area "Slope_Area" true true false 8 Double 0 0,First,#,collapse_110_Clip,Slope_Area,-1,-1;Slope "Slope" true true false 8 Double 0 0,First,#,collapse_110_Clip,Slope,-1,-1;Min_DTM "Min_DTM" true true false 8 Double 0 0,First,#,collapse_110_Clip,Min_DTM,-1,-1;FID_Taiwan "FID_Taiwan" true true false 4 Long 0 0,First,#,collapse_110_Clip,FID_Taiwan,-1,-1;COUNTYID "COUNTYID" true true false 3 Text 0 0,First,#,collapse_110_Clip,COUNTYID,0,2;COUNTYCODE "COUNTYCODE" true true false 8 Text 0 0,First,#,collapse_110_Clip,COUNTYCODE,0,7;COUNTYNAME "COUNTYNAME" true true false 12 Text 0 0,First,#,collapse_110_Clip,COUNTYNAME,0,11;COUNTYENG "COUNTYENG" true true false 39 Text 0 0,First,#,collapse_110_Clip,COUNTYENG,0,38;Shape_Leng "Shape_Leng" true true false 8 Double 0 0,First,#,collapse_110_Clip,Shape_Leng,-1,-1;Shape_Length "Shape_Length" false true true 8 Double 0 0,First,#,collapse_110_Clip,Shape_Length,-1,-1;Shape_Area "Shape_Area" false true true 8 Double 0 0,First,#,collapse_110_Clip,Shape_Area,-1,-1" #</Process></lineage></DataProperties><SyncDate>20250605</SyncDate><SyncTime>23023800</SyncTime><ModDate>20250605</ModDate><ModTime>23023800</ModTime></Esri><dataIdInfo><envirDesc Sync="TRUE">Microsoft Windows 10 Version 10.0 (Build 26100) ; Esri ArcGIS 13.3.0.52636</envirDesc><dataLang><languageCode value="zho" Sync="TRUE"></languageCode><countryCode value="TWN" Sync="TRUE"></countryCode></dataLang><idCitation><resTitle Sync="TRUE">renai_collapse</resTitle><presForm><PresFormCd value="005" Sync="TRUE"></PresFormCd></presForm></idCitation><spatRpType><SpatRepTypCd value="001" Sync="TRUE"></SpatRepTypCd></spatRpType></dataIdInfo><mdLang><languageCode value="zho" Sync="TRUE"></languageCode><countryCode value="TWN" Sync="TRUE"></countryCode></mdLang><distInfo><distFormat><formatName Sync="TRUE">Shapefile</formatName></distFormat><distTranOps><transSize Sync="TRUE">0.000</transSize></distTranOps></distInfo><mdHrLv><ScopeCd value="005" Sync="TRUE"></ScopeCd></mdHrLv><mdHrLvName Sync="TRUE">dataset</mdHrLvName><refSysInfo><RefSystem><refSysID><identCode code="0" Sync="TRUE"></identCode></refSysID></RefSystem></refSysInfo><spatRepInfo><VectSpatRep><geometObjs Name="renai_collapse"><geoObjTyp><GeoObjTypCd value="002" Sync="TRUE"></GeoObjTypCd></geoObjTyp><geoObjCnt Sync="TRUE">0</geoObjCnt></geometObjs><topLvl><TopoLevCd value="001" Sync="TRUE"></TopoLevCd></topLvl></VectSpatRep></spatRepInfo><spdoinfo><ptvctinf><esriterm Name="renai_collapse"><efeatyp Sync="TRUE">Simple</efeatyp><efeageom code="4" Sync="TRUE"></efeageom><esritopo Sync="TRUE">FALSE</esritopo><efeacnt Sync="TRUE">0</efeacnt><spindex Sync="TRUE">FALSE</spindex><linrefer Sync="TRUE">FALSE</linrefer></esriterm></ptvctinf></spdoinfo><eainfo><detailed Name="renai_collapse"><enttyp><enttypl Sync="TRUE">renai_collapse</enttypl><enttypt Sync="TRUE">Feature Class</enttypt><enttypc Sync="TRUE">0</enttypc></enttyp><attr><attrlabl Sync="TRUE">FID</attrlabl><attalias Sync="TRUE">FID</attalias><attrtype Sync="TRUE">OID</attrtype><attwidth Sync="TRUE">4</attwidth><atprecis Sync="TRUE">0</atprecis><attscale Sync="TRUE">0</attscale><attrdef Sync="TRUE">Internal feature number.</attrdef><attrdefs Sync="TRUE">Esri</attrdefs><attrdomv><udom Sync="TRUE">Sequential unique whole numbers that are automatically generated.</udom></attrdomv></attr><attr><attrlabl Sync="TRUE">Shape</attrlabl><attalias Sync="TRUE">Shape</attalias><attrtype Sync="TRUE">Geometry</attrtype><attwidth Sync="TRUE">0</attwidth><atprecis Sync="TRUE">0</atprecis><attscale Sync="TRUE">0</attscale><attrdef Sync="TRUE">Feature geometry.</attrdef><attrdefs Sync="TRUE">Esri</attrdefs><attrdomv><udom Sync="TRUE">Coordinates defining the features.</udom></attrdomv></attr><attr><attrlabl Sync="TRUE">FID_2021_S</attrlabl><attalias Sync="TRUE">FID_2021_S</attalias><attrtype Sync="TRUE">Integer</attrtype><attwidth Sync="TRUE">10</attwidth><atprecis Sync="TRUE">10</atprecis><attscale Sync="TRUE">0</attscale></attr><attr><attrlabl Sync="TRUE">Date</attrlabl><attalias Sync="TRUE">Date</attalias><attrtype Sync="TRUE">String</attrtype><attwidth Sync="TRUE">254</attwidth><atprecis Sync="TRUE">0</atprecis><attscale Sync="TRUE">0</attscale></attr><attr><attrlabl Sync="TRUE">X</attrlabl><attalias Sync="TRUE">X</attalias><attrtype Sync="TRUE">Double</attrtype><attwidth Sync="TRUE">19</attwidth><atprecis Sync="TRUE">0</atprecis><attscale Sync="TRUE">0</attscale></attr><attr><attrlabl Sync="TRUE">Y</attrlabl><attalias Sync="TRUE">Y</attalias><attrtype Sync="TRUE">Double</attrtype><attwidth Sync="TRUE">19</attwidth><atprecis Sync="TRUE">0</atprecis><attscale Sync="TRUE">0</attscale></attr><attr><attrlabl Sync="TRUE">Area</attrlabl><attalias Sync="TRUE">Area</attalias><attrtype Sync="TRUE">Double</attrtype><attwidth Sync="TRUE">19</attwidth><atprecis Sync="TRUE">0</atprecis><attscale Sync="TRUE">0</attscale></attr><attr><attrlabl Sync="TRUE">Slope_Area</attrlabl><attalias Sync="TRUE">Slope_Area</attalias><attrtype Sync="TRUE">Double</attrtype><attwidth Sync="TRUE">19</attwidth><atprecis Sync="TRUE">0</atprecis><attscale Sync="TRUE">0</attscale></attr><attr><attrlabl Sync="TRUE">Slope</attrlabl><attalias Sync="TRUE">Slope</attalias><attrtype Sync="TRUE">Double</attrtype><attwidth Sync="TRUE">19</attwidth><atprecis Sync="TRUE">0</atprecis><attscale Sync="TRUE">0</attscale></attr><attr><attrlabl Sync="TRUE">Min_DTM</attrlabl><attalias Sync="TRUE">Min_DTM</attalias><attrtype Sync="TRUE">Double</attrtype><attwidth Sync="TRUE">19</attwidth><atprecis Sync="TRUE">0</atprecis><attscale Sync="TRUE">0</attscale></attr><attr><attrlabl Sync="TRUE">FID_Taiwan</attrlabl><attalias Sync="TRUE">FID_Taiwan</attalias><attrtype Sync="TRUE">Integer</attrtype><attwidth Sync="TRUE">10</attwidth><atprecis Sync="TRUE">10</atprecis><attscale Sync="TRUE">0</attscale></attr><attr><attrlabl Sync="TRUE">COUNTYID</attrlabl><attalias Sync="TRUE">COUNTYID</attalias><attrtype Sync="TRUE">String</attrtype><attwidth Sync="TRUE">3</attwidth><atprecis Sync="TRUE">0</atprecis><attscale Sync="TRUE">0</attscale></attr><attr><attrlabl Sync="TRUE">COUNTYCODE</attrlabl><attalias Sync="TRUE">COUNTYCODE</attalias><attrtype Sync="TRUE">String</attrtype><attwidth Sync="TRUE">8</attwidth><atprecis Sync="TRUE">0</atprecis><attscale Sync="TRUE">0</attscale></attr><attr><attrlabl Sync="TRUE">COUNTYNAME</attrlabl><attalias Sync="TRUE">COUNTYNAME</attalias><attrtype Sync="TRUE">String</attrtype><attwidth Sync="TRUE">12</attwidth><atprecis Sync="TRUE">0</atprecis><attscale Sync="TRUE">0</attscale></attr><attr><attrlabl Sync="TRUE">COUNTYENG</attrlabl><attalias Sync="TRUE">COUNTYENG</attalias><attrtype Sync="TRUE">String</attrtype><attwidth Sync="TRUE">39</attwidth><atprecis Sync="TRUE">0</atprecis><attscale Sync="TRUE">0</attscale></attr><attr><attrlabl Sync="TRUE">Shape_Leng</attrlabl><attalias Sync="TRUE">Shape_Leng</attalias><attrtype Sync="TRUE">Double</attrtype><attwidth Sync="TRUE">19</attwidth><atprecis Sync="TRUE">0</atprecis><attscale Sync="TRUE">0</attscale></attr><attr><attrlabl Sync="TRUE">Shape_Le_1</attrlabl><attalias Sync="TRUE">Shape_Le_1</attalias><attrtype Sync="TRUE">Double</attrtype><attwidth Sync="TRUE">19</attwidth><atprecis Sync="TRUE">0</atprecis><attscale Sync="TRUE">0</attscale></attr><attr><attrlabl Sync="TRUE">Shape_Area</attrlabl><attalias Sync="TRUE">Shape_Area</attalias><attrtype Sync="TRUE">Double</attrtype><attwidth Sync="TRUE">19</attwidth><atprecis Sync="TRUE">0</atprecis><attscale Sync="TRUE">0</attscale><attrdef Sync="TRUE">Area of feature in internal units squared.</attrdef><attrdefs Sync="TRUE">Esri</attrdefs><attrdomv><udom Sync="TRUE">Positive real numbers that are automatically generated.</udom></attrdomv></attr></detailed></eainfo><mdDateSt Sync="TRUE">20250605</mdDateSt></metadata>
